{
  "n_scenes": 15,
  "object_recall": 0.7,
  "object_precision": 0.6461538461538462,
  "predicates": {
    "left_of": {
      "precision": 0.9615384615384616,
      "recall": 0.6097560975609756,
      "tp": 25,
      "fp": 1,
      "fn": 16
    },
    "right_of": {
      "precision": 0.9615384615384616,
      "recall": 0.6097560975609756,
      "tp": 25,
      "fp": 1,
      "fn": 16
    },
    "in_front_of": {
      "precision": 1.0,
      "recall": 0.1282051282051282,
      "tp": 5,
      "fp": 0,
      "fn": 34
    },
    "behind": {
      "precision": 1.0,
      "recall": 0.1282051282051282,
      "tp": 5,
      "fp": 0,
      "fn": 34
    },
    "on_top_of": {
      "precision": 0.0,
      "recall": 0.0,
      "tp": 0,
      "fp": 5,
      "fn": 0
    }
  }
}